ID,Rating,Review,word_count
1,1,wash very bad cloth wash time not increase and decrease,10
2,1,very bad quality,3
3,1,bad product sendcharging time is very low,7
4,1,very bad stb and tubicast app not connected,8
5,1,very bad product,3
6,1,very small size,3
7,1,very bad quality,3
8,1,material not good,3
9,1,wifi not working,3
10,1,worst mobile getting hanged everyday not user friendly,8
11,1,very bad product,3
12,1,verry verry baad products,4
13,1,in image is good but provided shorter size,8
14,1,product is good but received damaged,6
15,1,worst pillow ever bad quality and packing,7
16,1,money waste product,3
17,1,very bad do not buy,5
18,1,ok ok qualityno grip when you walkingwest of money ý,10
19,1,very dirty and loss,4
20,1,lose of money,3
21,1,not detecting files in tv,5
22,1,phone is value for maney but camera is bad condition,10
23,1,worked only for 1 year,5
24,1,i received a defected product,5
25,1,not so bad ok ok type,6
26,1,not good quality flipkart service not good,7
27,1,worst product dont buy just waste of money,8
28,1,cloth quality is not good zippe had brakon after using,10
29,1,worst phone damn damn heavy and camera quality is worst,10
30,1,dont waste your money,4
31,1,product just lasted 1 month with very minimal use,9
32,1,worst product dont go for it,6
33,1,very poor quality dont buy this,6
34,1,dead set no function,4
35,1,very bad quality,3
36,1,dont buy this product,4
37,1,worst quality ever,3
38,1,some features are not functioning properly like find phonesp02,9
39,1,i dont like not upto gud,6
40,1,not worth of money,4
41,1,very bad quality dont purchase,5
42,1,very bad product,3
43,1,please dont buy,3
44,1,size not fit,3
45,1,not suitable for samsung,4
46,1,not good very small height shelf,6
47,1,wrost quality product,3
48,1,leakage within 4daysnot repairable,4
49,1,so light weight not good,5
50,1,bad sir wifi doenot work,5
51,1,dont purchase this product waste of money,7
52,1,very worst product,3
53,1,very poor product,3
54,1,i am not satisfied,4
55,1,low quilitty scratch prodect,4
56,1,very bad product only last for 6 months,8
57,1,dont go for this quality is not good,8
58,1,shoes are not good wrost product,6
59,1,dont buy online heavy price electronicsthis model is too old,10
60,1,very disappointed with this product ink cartridge was empty,9
61,1,very bad product dont buy it,6
62,1,waste of money dont buy,5
63,1,quality v bad,3
64,1,very very bad product ð,5
65,1,its not running,3
66,1,low quality metal steel,4
67,1,get a bad quality bamboo tree,6
68,1,very bad quality,3
69,1,madar chud company its too bad device,7
70,1,its too smalll,3
71,1,very bad product wastage of money,6
72,1,very small in size,4
73,1,horrible dont buy this product,5
74,1,very poor in quality,4
75,1,very bad because calling function is not support,8
76,1,smaller than expected,3
77,1,worst product heating of kettle is very poor,8
78,1,grind not well,3
79,1,bad prdouct stik is very dificult to use dont buy,10
80,1,waste of money high price and low productnever buy,9
81,1,3rd class quality,3
82,1,wast for money ð,4
83,1,the clothes are a little light,6
84,1,one leg is small irritated sometime when studying on it,10
85,1,very poor quality,3
86,1,not proper sizei am not satisfied,6
87,1,waist of money,3
88,1,very bad poor quality,4
89,1,very bad quality plz do not purchase this product,9
90,1,very bad product,3
91,1,worst and cheap one,4
92,1,dont buyit breaks with in few days,7
93,1,dont buy this one worst product,6
94,1,jar not available,3
95,1,small size for double bed,5
96,1,i hate this product waste of money,7
97,1,not bad but not so soft quality not so good,10
98,1,this is very thin,4
99,1,worst than worst,3
100,1,very bad product i have recieve,6
101,1,very bad quality products,4
102,1,quality is so bad,4
103,1,poor quality dont buy no return policy,7
104,1,size is very small,4
105,1,no proper holes to assemble,5
106,1,finishing of the product is not satisfactory,7
107,1,very bad quality,3
108,1,bad product l am purchased,5
109,1,it not detects wifi,4
110,1,its too small unexpected,4
111,1,best moneybad quality and missing items,6
112,1,not good product,3
113,1,dont buy this item realy bad item,7
114,1,nice ek number power bank,5
115,1,very small in size,4
116,1,waste product within two days colour has been gone,9
117,1,its note a shock proof,5
118,1,very bad quality,3
119,1,tactically problem with this router unable to setup this router,10
120,1,very bad false storage automatic delete files,7
121,1,screen mirroring connectivity problem dont buy this tv,8
122,1,very bad quality,3
123,1,not good found some air leak,6
124,1,when i received any call them automatically call end,9
125,1,waste of money,3
126,1,worst one dint purchase,4
127,1,so for good so for bad,6
128,1,it is broken while opening,5
129,1,smoke came after 2 months of usage,7
130,1,worst experience with flipkart,4
131,1,faulty product received,3
132,1,very tight fittings not at all comfortable,7
133,1,best best best best best bestbest best best,8
134,1,very poor brake not worth for money,7
135,1,dont buy poor quality,4
136,1,this product very bad ððð,5
137,1,very worst product,3
138,1,worst of money,3
139,1,worst of money,3
140,1,it is very very very small cant use,8
141,1,it was okay okay not good,6
142,1,uncomfortable wrost product,3
143,1,so bad quality not a good product,7
144,1,very poor quality,3
145,1,not good enough,3
146,1,products not good,3
147,1,local chaap product labour quality,5
148,1,quality is very poor,4
149,1,this is only a waste not fertilizer,7
150,1,worst performance evernot durable dont buy at alll,8
151,1,products not working,3
152,1,bad qlty prodect,3
153,1,please dont buy not working,5
154,1,waste material cloth are not good,6
155,1,cartridge is bad,3
156,1,wast of maney,3
157,1,nor good as described,4
158,1,dont buy this phone it has bad camera quality,9
159,1,not best quality,3
160,1,dont buy this producti m not satisfied with the product,10
161,1,product quality is very bad,5
162,1,very bad quality just sand,5
163,1,dont purchase major side effects hai iske,7
164,1,very very bad product mi power bank,7
165,1,poor quality product,3
166,1,wont be recommending to anyone cheap quality worst shelve,9
167,1,very bad product,3
168,1,usb charger cable very small ð,6
169,1,quality is very low,4
170,1,very bad waste of money,5
171,1,dont buy it wasted of money,6
172,1,dont buy this productwaste of money,6
173,1,not good material,3
174,1,bat quality is worst,4
175,1,to hard not comfortable to use,6
176,1,vest money dont buy,4
177,1,bahut havy hh tutne ka chance v h,8
178,1,do not buy the balloon explodes too quickly,8
179,1,very bad productwaste of mony,5
180,1,quality not good,3
181,1,waste of money very worst product,6
182,1,it was so small ððððð,5
183,1,the inner tub is very small,6
184,1,the sound is very low,5
185,1,dont buy dont work properly,5
186,1,very bad product charge not charge watch dont buy,9
187,1,worst product ever i suggest it not to buy,9
188,1,bed sheet defective,3
189,1,waste of money,3
190,1,worst experience quality is very bad dont buy,8
191,1,doesnt get connected to many wifi connections,7
192,1,very bad experience,3
193,1,poor quality products,3
194,1,noise level is high,4
195,1,worst experience this product is overpriced,6
196,1,waste of money it working only 20days money waste,9
197,1,wastage of moneyð,3
198,1,very bad not able to grinde properly,7
199,1,not properly quality,3
200,1,its not cotton waste of money,6
201,2,quality was not good,4
202,2,no batry backup sound not gud,6
203,2,quality is not good very thin material,7
204,2,very thin2nd day of purchase punctured and fuss,8
205,2,waste of money,3
206,2,too much noise but working fine,6
207,2,cloth qwality is poor,4
208,2,not proper gain,3
209,2,2 hrs more than heating storage,6
210,2,too much heat and emitting plastic smell,7
211,2,chrome cast and connectivity is very slow,7
212,2,very bad products waste money and time,7
213,2,not valueable for price,4
214,2,showing big images but give a small size product,9
215,2,damaged after one wash poor material quality,7
216,2,nice product ð and balt quality is badð,8
217,2,quality very bad issue,4
218,2,kettle is leaking from the first day,7
219,2,waste for money,3
220,2,it looks cheap better go for higher variant,8
221,2,not that great as expected,5
222,2,size not fitted and quality is very low,8
223,2,waste for money,3
224,2,bad product delivery,3
225,2,hardly does the job,4
226,2,ok but not good,4
227,2,quality not good,3
228,2,not that great,3
229,2,water is leaking and also water taste is not good,10
230,2,its waste not showing wifi network l will exchange,9
231,2,i got damaged product,4
232,2,very bad after 15 days plate is broken itself,9
233,2,products looks and feels cheap,5
234,2,very thin not useful,4
235,2,smell and smoke comming not working,6
236,2,quality is not so good,5
237,2,low quality didnt appreciate it,5
238,2,not long lastingjust a years use ð,7
239,2,i dont like,3
240,2,product is not as expected,5
241,2,its not cotton hard microfiber polyester type,7
242,2,very small plant one plant died,6
243,2,quality is very thin,4
244,2,not good quality,3
245,2,the light is not spreading much,6
246,2,size is too small,4
247,2,dents were found on the sides of the fridge,9
248,2,no best quality in bedsheet,5
249,2,not same as given pictures vry thin clothes,8
250,2,manufacturer provide only one button,5
251,2,material not goodmoney waste,4
252,2,thay give only one battery 175w only,7
253,2,not like the previous quality it is flowing like ðwater,10
254,2,borders of big plates are broken into small pieces,9
255,2,colour fade away after first wash,6
256,2,not enough strenthy,3
257,2,its not a good,4
258,2,fabric quality is not matching as mentioned in description,9
259,2,camera is not good,4
260,2,not happening effective clean iron disappointed,6
261,2,quality not upto the mark look for something else,9
262,2,not as expected,3
263,2,cap lickej problem,3
264,2,remote controlling is hard,4
265,2,not worth of money,4
266,2,very bad quality,3
267,2,quality of products is very low i am not satisfied,10
268,2,the cloth is very transparent,5
269,2,very very small,3
270,2,quality not upto the mark look for something else,9
271,2,not a good product,4
272,2,not a good quality as par shwo in photo,9
273,2,not cooking well,3
274,2,very very poor,3
275,2,quality is good but demage,5
276,2,worst very bad bat,4
277,2,very poor qaulity,3
278,2,an average phone with below average specs,7
279,2,one bowl broken and all bowls have same size,9
280,2,after 2 months leakage problem,5
281,2,products is running very slow,5
282,2,it doesnt clean properly n not satisfy the expectations,9
283,2,vry poor material,3
284,2,handle is loose every time,5
285,2,produced is ok but not good and stuff like money,10
286,2,too much tigh dont try to order from flipkart,9
287,2,not good for warranty,4
288,2,not as i expected,4
289,2,cable is to small,4
290,2,colour is lite and very very bad quality,8
291,2,room was not brightening with that some what low quality,10
292,2,quite ordinary not worth the price,6
293,2,quality is bad sole quality is poor,7
294,2,it is too small to cook,6
295,2,not satisfied with d product but its,7
296,2,very bad product,3
297,2,bedsheet faded after first wash,5
298,2,quality not ok this product,5
299,2,two legs were long when other two are short,9
300,2,very small cheating,3
301,2,very inexpensive but quantity bad only 20 pages print,9
302,2,product very bad,3
303,2,many short size giving me and quality is poor,9
304,2,its not good,3
305,2,poor buil quality,3
306,2,not good product,3
307,2,heat time very low just 30 mnt,7
308,2,very small size,3
309,2,this is dump dont buy this product,7
310,2,very small size packing is good nice delivery,8
311,2,assembly takes our breath out,5
312,2,not better quality,3
313,2,not good at allit was just,6
314,2,not bad product,3
315,2,its not grinding properly not a worthy product,8
316,2,its not working waste of money dont buy,8
317,2,not stable shaking when you write on it,8
318,2,packet quality is so bad,5
319,2,the rings starts to rust after the first wash,9
320,2,quality is too bad,4
321,2,got a very old piece,5
322,2,not as expected,3
323,2,its not giving hot water,5
324,2,very small size,3
325,2,quality medium only mobile load cape city stand,8
326,2,poor quality of blanketpls not to buy it,8
327,2,no useful in any way unnecessary product,7
328,2,not good quality,3
329,2,hard to fit mop into rod,6
330,2,not a vermi compost only soil,6
331,2,quality not upto the mark look for something else,9
332,2,cloth use in it is very bad quality,8
333,2,side effects so dont use,5
334,2,heating level is very low,5
335,2,not a sine wave iam not recomended,7
336,2,installation system is badbcz no one install at home,9
337,2,so so product,3
338,2,not good product old model with problem voltage high,9
339,2,all product are very small size,6
340,2,small size not big,4
341,2,nyc but small,3
342,2,food over burn at bottom,5
343,2,leaked at top portion,4
344,2,not baking properly,3
345,2,very poor quality,3
346,2,littel bit defective on from front side,7
347,2,worst sound waste of money,5
348,2,not upto mark,3
349,2,not power full bank,4
350,2,not fit in size fo duble bed,7
351,2,instead of suction it is working as a fan,9
352,2,lid damage picover all ok good,6
353,2,not bad but not goodthis product is ok,8
354,2,price very high,3
355,2,not fit very very lose,5
356,2,not so good,3
357,2,not good quality,3
358,2,not good ð broduct,4
359,2,plate was brokenso disappointing plate is small,7
360,2,wasteits not working properly,4
361,2,first charging is not supported on my micromax note 8,10
362,2,waste of money,3
363,2,good quality but the mouth is leaking,7
364,2,colour is same but material is very bad,8
365,2,its very tipcial laptop dont give ms office with laptop,10
366,2,1 bowl is broken,4
367,2,v bad quality,3
368,2,mixer ok juicer lock switch lock button is failed,9
369,2,not worked nicely becoming hot very soon,7
370,2,very bad product,3
371,2,please dont prefer getting electrical shock,6
372,2,low speed fan and fan blades not aluminum,8
373,2,very bad kwality dont purchase,5
374,2,touch not supported,3
375,2,poor board quality,3
376,2,not leak proof leaking from top nob,7
377,2,vary bad not wrking,4
378,2,ledlighte are not open,4
379,2,quality not working properly,4
380,2,does not stick at all,5
381,2,very nice good product,4
382,2,looking wise nice but not good quality clothes,8
383,2,dont buy this productbad,4
384,2,air leaking and over heating noted,6
385,2,good at low price and used only for office work,10
386,2,product quality low,3
387,2,recieved broken pieces,3
388,2,dont buy oily skin peoples,5
389,2,expected more better,3
390,2,quality very poorlenght was ok,5
391,2,cleaning is not good too much wastage of water ð,10
392,2,not 24hrs its 12hrs so far,6
393,2,it is a average product,5
394,2,broke in just 1 fall,5
395,2,bettery is getting discharge on an immediate basis,8
396,2,bad and very bad,4
397,2,not good the upper surface of iron also gets heated,10
398,2,it makes more sound while grinding,6
399,2,waste of money time and water,6
400,2,bad product very slow,4
401,2,nice but not for gaming,5
402,2,worst product money waste,4
403,2,the battery capacity is wrost,5
404,2,suction power is less,4
405,2,its not working,3
406,2,pad is tored down after 1 day of usage,9
407,2,very smoll pack,3
408,2,soundless ðspeedless â¹ïair_lessð,3
409,2,small size ahnu,3
410,2,range is not good,4
411,2,local product poor quality,4
412,2,football was not what we wanted â¹ï,7
413,2,jar is not grinding finely,5
414,2,doesnt show the refluection like the one in the picture,10
415,2,difficult to use and cant control while in the air,10
416,2,it is not pure cotton,5
417,2,very bad quality,3
418,2,must send instructions to attach,5
419,2,not good wast of money,5
420,2,quality not good,3
421,2,installation has not been done after 8 days of purchase,10
422,2,i got already damaged product i am not asatisfied,9
423,2,colour in printing not good,5
424,2,only one star i recommend,5
425,2,very low material use,4
426,2,material not good fitting worse,5
427,2,on day 1 this product is overheating,7
428,2,writing speed is very low 2550 mb,7
429,2,loose connection wire,3
430,2,fabric quality is very dull,5
431,2,samaje for water,3
432,2,every seeds is not grown up,6
433,2,very bad plz dont buy this,6
434,2,camara not goodplease add flash light,6
435,2,foot touching to the front wheel overall looks ok,9
436,2,pocket is pathetic otherwise good for daily use,8
437,2,materials quality very poor tyre quality poor,7
438,2,very hot my return day finish so please,8
439,2,very bad camera,3
440,2,not bad not bad,4
441,2,very light iron not properly ironing dress,7
442,2,not good small size,4
443,2,not good this price poor quality,6
444,2,this is not good in price,6
445,2,very bad product,3
446,2,connectivity of wifi is slow,5
447,2,finishing was not good unsatisfactory,5
448,2,its not so good ð,5
449,2,holder design is best but pinto pinto working not good,10
450,2,switch not working properly,4
451,2,low quality thing its written room darkening but its transperant,10
452,2,quality is poor,3
453,2,fabric is i very poor worst product,7
454,2,stuff is not expected,4
455,2,very cheap quality product lasted for one year now scrapped,10
456,2,my unit is a little bit tilted,7
457,2,no worth many waste,4
458,2,not wifi working,3
459,2,totally waste product,3
460,2,waste of money,3
461,2,broken materials in side,4
462,2,no colour darkness,3
463,2,poor sound qualitydid not liked that product,7
464,2,vary bad leakage,3
465,2,i buying this flask after six month does not heat,10
466,2,qualtay not good,3
467,2,small size i m not satisfied,6
468,2,quality and stitching is of low quality,7
469,2,small strikebending material,3
470,2,quality is not good,4
471,2,its so small didnt like it,6
472,2,this product is very bad dont buy this product,9
473,2,this product is size is so small,7
474,2,no value for money,4
475,2,very poor quality bad investment,5
476,2,not as expected,3
477,2,waste of money,3
478,2,low germination seeds ð,4
479,2,i dont like,3
480,2,no best quality in bedsheet,5
481,2,plates r very small,4
482,2,its not worth for money,5
483,2,bowl was very small,4
484,2,melting smell is coming,4
485,2,stichening is very bad,4
486,2,given in very less quantity too smallð,7
487,2,after one month it stop working,6
488,2,not as an expectationits too costly,6
489,2,the side hooks are very delicate,6
490,2,its not worth during day time cant oppose sunlight,9
491,2,its very bad very noicey,5
492,2,its has lots of noise while using,7
493,2,hot is not lasting,4
494,2,size is not like be brings,6
495,2,material is not solid,4
496,2,its socket broken within a week poor quality,8
497,2,better to purchase some other brands charger,7
498,2,nice but during grading vice is very loudly,8
499,2,hight is very small,4
500,2,takes a long time to charge,6
501,3,product is okay,3
502,3,according to price that nice,5
503,3,the water doesnt remain hot for 24 hrs lol,9
504,3,look wise ok use for medium winter,7
505,3,sometimes it lags,3
506,3,fabric is not cotton blend it is polyester,8
507,3,not much good,3
508,3,not good product,3
509,3,over all best,3
510,3,good product 30mbs delivered into 25mbs,6
511,3,one plate was broken but good,6
512,3,color is not same,4
513,3,not comfortable with pockets,4
514,3,average in use,3
515,3,battery life bad but overall nice product,7
516,3,good stuff but price is not as per fabric,9
517,3,good quality mat,3
518,3,very light weight,3
519,3,so sonot bad,3
520,3,it is nice,3
521,3,good quality nice product,4
522,3,i am not happy with the heat and grilling time,10
523,3,quality is not good,4
524,3,so nice product used it,5
525,3,not badbut amount is little bit high,7
526,3,nice but pipe is small,5
527,3,this product is betterbut ok,5
528,3,nice product but flipcart delayed the delivery 10 days,9
529,3,not work for more than 8 hours,7
530,3,fitting now good as mentioned,5
531,3,good but not better,4
532,3,average rating product,3
533,3,the product was good,4
534,3,nice product but unconfatable thish shue use,7
535,3,average quality but looking nice,5
536,3,clothes material is not ð good,6
537,3,low qualitynot expectedextra erning statergy,5
538,3,very nice kit,3
539,3,its an ok product its delicate and not sturdy,9
540,3,quite was not there,4
541,3,good productmust be buy,4
542,3,burn out inside in a week not good,8
543,3,awesome best quality,3
544,3,wore is not good charger is good,7
545,3,bowl is small but i satisfied,6
546,3,good but not a best,5
547,3,size was small then expected otherwise product is good,9
548,3,quality was not good as expected,6
549,3,bat quality very bad,4
550,3,always goodbut micro usb cabe inbox is not good,9
551,3,quality was not that good,5
552,3,its good product ðð,4
553,3,sound is very poor not expected with mi,8
554,3,product is of low quality,5
555,3,is ok for the price,5
556,3,not good as expected,4
557,3,very good product,3
558,3,the product is okbut it is not sufficient for cleaning,10
559,3,nice but ok,3
560,3,fan speed is not so good,6
561,3,didnt work on my face,5
562,3,color n quality not good,5
563,3,not bad but the plates are too small,8
564,3,good in all features but a high noise level,9
565,3,not bad good,3
566,3,veri ordinaryweak vacuum flask,4
567,3,average product good for gifting purpose,6
568,3,this is good product cycle is worth for money,9
569,3,this product is brilliant but size is not accurate,9
570,3,good product as i thought but stitching is not well,10
571,3,outstanding juicerawm work fablous lookover all fantastic vegetable fruits juicer,10
572,3,this one is good,4
573,3,nice materials good colour,4
574,3,good the low prices,4
575,3,the product is nice but it is made in china,10
576,3,rcvd todayits good,3
577,3,okay okay product,3
578,3,i put water and few hours later its smell weird,10
579,3,purifier is ok but installation and demo not satisfied,9
580,3,product is good but price is too much,8
581,3,goood but range is lesssmust buy,6
582,3,tplink archer c20 was good product,6
583,3,nice three fourth pant,4
584,3,product is good but very disappointed with the installation,9
585,3,quality is good not excellent,5
586,3,very cheap and bad cushion,5
587,3,best rating in 35 good progress in product,8
588,3,100 not pure sine wave on product,7
589,3,good product ð,3
590,3,plastic quality is not that strong as of symphony coolers,10
591,3,not up to the mark as it displays regards,9
592,3,bad product ðð,3
593,3,plates bowls size are short,5
594,3,i like it its good for gymer,7
595,3,too small for having dinner,5
596,3,size is too big,4
597,3,its nice for use but quality is average,8
598,3,heating time very less,4
599,3,it is ok not good qulity,6
600,3,product quality is good but its size is very small,10
601,3,builtin quality is good sound is high,7
602,3,too much scratches,3
603,3,not good looking black colour,5
604,3,nice product delivery man was humble,6
605,3,bottle received with a dent,5
606,3,good productbut it is made in china,7
607,3,price is high,3
608,3,seller did not send operating manual,6
609,3,just ok but costly,4
610,3,such a nice thing,4
611,3,very very thin,3
612,3,under 500 best product,4
613,3,quality of the product is good worth every penny,9
614,3,good prodect value of money,5
615,3,not as expected ð,4
616,3,not satisfied too small size,5
617,3,not as expected,3
618,3,product is very good ðððððð,5
619,3,velu for mony,3
620,3,good but not best,4
621,3,size is small but this product is attractive,8
622,3,very thin soft but low quality,6
623,3,im very very happy please utilize this,7
624,3,facing heating issue,3
625,3,not good quality,3
626,3,not worth the money,4
627,3,lid cover is very week capacity is ok,8
628,3,camera is not good all over low grade,8
629,3,very good product,3
630,3,watch is okaysmaller than shown in the photo,8
631,3,very nice ð thanx,4
632,3,not poor but average,4
633,3,not mouch happy,3
634,3,heating quality is not good,5
635,3,good but not stone product,5
636,3,not bst bt okey,4
637,3,fan speed is low but great cooling,7
638,3,no battery backup,3
639,3,ok good ðððð,3
640,3,not worth for money it look like a toy,9
641,3,its ok but bass is not as satisfied,8
642,3,thickness is more than expected,5
643,3,not too long lasting,4
644,3,average product and size is good,6
645,3,bass is not good,4
646,3,connectivity issue is there plz think before buy this tv,10
647,3,colour not dark black,4
648,3,it was ok not fast,5
649,3,product ok but very thin fabric,6
650,3,it is a very good machinevery nice very carefull,9
651,3,product is not as strong as expected,7
652,3,noisy chimney overall not so bad,6
653,3,design must be improved,4
654,3,not good this sometimes it will broke,7
655,3,everything is acceptable but length is not 20 ft,9
656,3,this is mat football not suitable for grass soil ground,10
657,3,good for storage,3
658,3,sound quality ok bass volume is not satification,8
659,3,sensors were goodtoo much noise,5
660,3,good one i like itthanks,5
661,3,it is good product,4
662,3,not bad after all,4
663,3,nice but not sufficient size,5
664,3,10 year old boy best,5
665,3,nice product tq flipkart,4
666,3,plates r too small,4
667,3,item not as expected,4
668,3,its good product value for money,6
669,3,good quality and best price,5
670,3,not stitched proper,3
671,3,quality is poor,3
672,3,battery charging time too long earing sound distribution ok,9
673,3,comfortable but not good as expected,6
674,3,ok ok product,3
675,3,its worth it,3
676,3,not so good fitting was very tight,7
677,3,the car is very good,5
678,3,received brokensatisfactory quality,3
679,3,mast by thank you flipkart,5
680,3,fabric is not comfortable at all,6
681,3,very thinand can not be used in floor,8
682,3,too much noisey,3
683,3,ok good product,3
684,3,its amazing work,3
685,3,dont buy this product,4
686,3,mat is very very thin material,6
687,3,bluetooth connectivity issueotherwise best in class,6
688,3,its just good,3
689,3,the grinding is not smooth,5
690,3,product quality is good in budget happy with this product,10
691,3,not satisfied of its size,5
692,3,ya its ok for this proce,6
693,3,good value for money,4
694,3,smalll but good,3
695,3,faded in 1st wash,4
696,3,no awesome but good product ð,6
697,3,nice product only negative point is too much noise,9
698,3,value of money,3
699,3,this product plates is to o medium size,8
700,3,not suitable for rough use,5
701,3,woofer sounds was bad,4
702,3,its just ok,3
703,3,good one for domestic use,5
704,3,medium was broken,3
705,3,ok ok not so good it hangs sometime,8
706,3,it should be available in all sizes,7
707,3,good for gym purpose,4
708,3,a bit noisy,3
709,3,good product but having connection issues,6
710,3,its cloth is not soft but you can wear it,10
711,3,sansar not working,3
712,3,diesnt clean properly,3
713,3,good machine but old model,5
714,3,not up to mark,4
715,3,size is too small product is not as expected,9
716,3,good product ðð¼,3
717,3,quality is best,3
718,3,good in this price range,5
719,3,this product is good,4
720,3,sum little bit damage but product is gud i like,10
721,3,dimensions are short,3
722,3,super and best quality,4
723,3,dust is not getting cleard completely,6
724,3,it just okay not a pure cotton bed sheet,9
725,3,nice productnice quality,3
726,3,product is good,3
727,3,data transfer very slow ð 14 mb speed too bad,10
728,3,color is quite decent,4
729,3,worst quality really upset dont buy this item,8
730,3,not so good for base music,6
731,3,not good dirty clothes,4
732,3,best product at this price,5
733,3,oil botal tools missing,4
734,3,nice product i m very happy thanku flipkart,8
735,3,its ok ok product,4
736,3,very good works very fast buy this nice one,9
737,3,very nice ð,3
738,3,ok quality good in look,5
739,3,i like clothes,3
740,3,nice one its worth of ur moneyok,7
741,3,slow speed not pad,4
742,3,very small size,3
743,3,really nice good product thanx flipkard,6
744,3,product is very good but 7 piece stater kit missing,10
745,3,beautifulbut small size,3
746,3,finish is not that good,5
747,3,average quality polyester shorts,4
748,3,nyc purchase from flipkart,4
749,3,one new and one very old material,7
750,3,taking long time to heat,5
751,3,gd prdctbut plates r too small,6
752,3,very beautiful but cloth is good,6
753,3,to much heat,3
754,3,not good looking black colour,5
755,3,woow excellant product,3
756,3,this product is good,4
757,3,very usefull product however plastic quailty is not very good,10
758,3,the bowels are very small,5
759,3,worth product in this price,5
760,3,very cheap material,3
761,3,products is good but very small ð,7
762,3,its not fully comfortable but its worth,7
763,3,pocket zip quality poor,4
764,3,clothes very thin out look nice,6
765,3,product is okaybut the steel is little thin,8
766,3,an ok product bit costlier,5
767,3,good product but the stitches werent perfect,7
768,3,it was good,3
769,3,colour is not bright,4
770,3,loudspeaker too much noise,4
771,3,its good same as shown in picture,7
772,3,not good enough average quality,5
773,3,rice box size not as expected,6
774,3,ok but not so good,5
775,3,there were some over coloursome stitches were not propely,9
776,3,after 15 days 4 lights fail,6
777,3,not so sturdy but good rack for multipurpose usage,9
778,3,its very small size but good,6
779,3,super good not bad,4
780,3,very good product,3
781,3,the material is not good according to price,8
782,3,nice but late delivery,4
783,3,very nice hindware,3
784,3,nt dat gud qulity,4
785,3,waste of money,3
786,3,so nice colour,3
787,3,this product is very nice,5
788,3,a bit noisy,3
789,3,good but smlk in size,5
790,3,avg product available at road side ð,7
791,3,product is good but so costly,6
792,3,nice but cover quality low,5
793,3,more expensive and poor finishing,5
794,3,cover is not good,4
795,3,other items missing in this product,6
796,3,not good quality,3
797,3,seems worth it,3
798,3,ok ok product,3
799,3,value for money,3
800,3,not working properly,3
801,3,just ok product,3
802,3,great for less money,4
803,3,it doesnt work on pimples ok,6
804,3,good praduct but rate is high,6
805,3,watch is gold belt is old,6
806,3,item is ok but demonstration not available,7
807,3,fair and ok type,4
808,3,this is very good and soundbass are very awesome,9
809,3,all over the product is good for this budget,9
810,3,item damages in transit,4
811,3,ok as per my experience but cost is high,9
812,3,alexa is much better,4
813,3,picture quality is ok,4
814,3,so nice soldering iron,4
815,3,dont expect much,3
816,3,speed is little bit slow,5
817,3,nice dth and nice small size,6
818,3,very nice product thanks flipkart,5
819,3,plate size is too small not sufficient for for meals,10
820,3,nice but size is small,5
821,3,product is good but sewing time the rope gets stuck,10
822,3,corrupt any time,3
823,3,good he is using it,5
824,3,quality is not good no worth,6
825,3,ok ok types,3
826,3,rates a little bit higher,5
827,3,it took to many time to heat water,8
828,3,most suitable small house,4
829,3,just okcloth quality not up to the mark,8
830,3,not up to the mark,5
831,3,ok ok type price too high according to this product,10
832,3,paltes are smallbut over all good,6
833,3,value for money,3
834,3,original and good product,4
835,3,product is normal and price the very much,8
836,3,bass is not too good but sound quality awesome,9
837,3,good but not upto the mark,6
838,3,not a good quality,4
839,3,finishing of the product is extremely poor,7
840,3,my 6 months old baby cant balance the sofa,9
841,3,not so sturdy,3
842,3,the product is smaller in size,6
843,3,the quality is very poor,5
844,3,good but small sige,4
845,3,range of router is very weak,6
846,3,beautiful and heavy set best gift ever,7
847,3,shiner is not working properly after 1 month,8
848,3,all good but battery backup not good enough,8
849,3,just an okay product a slight discomfort at the back,10
850,3,not bad medium quality not so super or very bd,10
851,3,its not good,3
852,3,average not satisfied seeds,4
853,3,one large size plate was broken just is all good,10
854,3,colour is super but clothes quality is not good,9
855,3,good product with speedable movements,5
856,3,make loudly and over heat,5
857,3,this product is good according to rang,7
858,3,good suction power,3
859,3,nice but very thin,4
860,3,poor quality cloth is given for side cover,8
861,3,nice products this range but only chimney no pipe,9
862,3,good qualitysound is goodbattry backup 3to4 hour,7
863,3,one lamp is damaged but another 2 are good,9
864,3,this product is not bad the clothes material was okey,10
865,3,good product ð,3
866,3,nice camera ðððð,3
867,3,ok type product you can go for it,8
868,3,water wastage is more in this system,7
869,3,appearance and light is average,5
870,3,good product at reasonable price,5
871,3,small but good product,4
872,3,according to priceits okkkkkk,4
873,3,6 wicket good but just little,6
874,3,all our good products and wearing also,7
875,3,its good but size is too short,7
876,3,good but can be little better,6
877,3,ok plastic quality is not good,6
878,3,good for price,3
879,3,ok heating good,3
880,3,very nice product,3
881,3,size choti hy,3
882,3,good i like it,4
883,3,ok but old stoic price heavy,6
884,3,metal is not so good,5
885,3,ok but price is high,5
886,3,nice clogs light weightgood quality,5
887,3,fridge good but no light in top freezer part,9
888,3,torned after 3 times of usage,6
889,3,temporary use for 23 month not longer time,8
890,3,finishing of the product is not good,7
891,3,ok no problem with that,5
892,3,cam quality is not good as expected,7
893,3,very good and low cast product,6
894,3,little noisy rest looks ok,5
895,3,average product quality,3
896,3,picking is not good,4
897,3,speed cum h,3
898,3,nice product bt bowl set is very small size,9
899,3,product is so good ð,5
900,3,nice power bank,3
901,3,waiting for results,3
902,3,ok ok product,3
903,3,very good for skin,4
904,3,delivery was very bad but till now product is ok,10
905,3,ok ok product,3
906,3,size is little bit small,5
907,3,its growing thanks flipkart,4
908,3,2 pare is too small,5
909,3,stuff is not good,4
910,3,product not good,3
911,3,nice product ð thanks filipkat,5
912,3,remote dont work properly short rangegood bass and sound quality,10
913,3,refill not satisfied,3
914,3,very nice product,3
915,3,bulb connector and bulb not included price wise okay,9
916,3,good but not meet the expectations,6
917,3,not so good,3
918,3,its to small and weight less ok ok,8
919,3,not great feels like road side stuff,7
920,3,good productbody made with aluminium,5
921,3,best but colour not perfect,5
922,3,very expensive but excellent,4
923,3,very good product and less price,6
924,3,not expected quality,3
925,3,prodect is good but delivery is not good,8
926,3,wash panumpothu sayam poguthu,4
927,3,nice product bt cloth quality is very poor,8
928,3,price is comparatively high than the features,7
929,3,not bad not best ok product,6
930,3,some scratches r there,4
931,3,worth the money ð,4
932,3,didnât comfortable ð,3
933,3,one screw is not thereotherwise its a nice product,9
934,3,ok good one,3
935,3,got damaged in one month due to lightning,8
936,3,after 1week kettle switch not working,6
937,3,quality is good,3
938,3,pillow cover size very small,5
939,3,ok but quality is not acceptable as per brand,9
940,3,mobile does not work properly some software problem,8
941,3,itsa very good product,4
942,3,lookwise good but not warm,5
943,3,not as expected,3
944,3,not worth for the price,5
945,3,bicycle look is awesome,4
946,3,mobile network problem and camera is not good,8
947,3,juice doesnt come properly contains pulp not very pure,9
948,3,good for regular home kitchen use of small family,9
949,3,battery performance is only 3 hours,6
950,3,its quality is good,4
951,3,good but not that much,5
952,3,when it wash its colour is dull,7
953,3,very less space,3
954,3,value for money,3
955,3,good but dinner plate small size,6
956,3,not stretchable but otherwise fine,5
957,3,capacity is low in down side,6
958,3,very short passage inside,4
959,3,best 15 to 20 degree best blanket,7
960,3,product is very good but delivery is very poor,9
961,3,average cushions could be better,5
962,3,nice and soft,3
963,3,its size is smart and no light come with it,10
964,3,awesome fridge but completely not awesome,6
965,3,more expensive and poor finishing,5
966,3,freedish or wifi casting achi hai nice product,8
967,3,good but battery will come for 1 hr nly,9
968,3,very soft and bright colour,5
969,3,lil small otherwise ok,4
970,3,soundless ððspeed ðbuild quality ð,5
971,3,small in size,3
972,3,need to clean collector every 10 minutes,7
973,3,good not bad,3
974,3,very nice product nice package ðð golden flipkart,8
975,3,nice water heater,3
976,3,not good alignment is not proper,6
977,3,good product but pecking not properly,6
978,3,sound is too loud,4
979,3,waste of money,3
980,3,price not satisfied,3
981,3,poor quality plastic fabric,4
982,3,good product âïâï,3
983,3,quality is not good,4
984,3,good working and condition,4
985,3,good product nice quality,4
986,3,quality best but not comfortable this product,7
987,3,it will slowing down the mobile,6
988,3,sg pads are given in cricket kit bag,8
989,3,awesome in average price,4
990,3,very difficult thing,3
991,3,small in size not dinner plate,6
992,3,bowl size is very small not suitable for dinner set,10
993,3,price to cost as compare to market price,8
994,3,delivery good but installation is notbut product fantastic,8
995,3,very nice product i am very happy,7
996,3,good quality like it,4
997,3,ok complete the need,4
998,3,size is small and not look like original cello product,10
999,3,very good qualityand comfortable,4
1000,3,nice but charger is very poor quality,7
1001,4,value for money,3
1002,4,thanks flipkart awesome product,4
1003,4,nice product thank you,4
1004,4,nice and good service,4
1005,4,i gifted it its great,5
1006,4,only one heating issueotherwise its super purchase,7
1007,4,nice good productno leackeg problem,5
1008,4,very good com fast hiting need 2lper kettle,8
1009,4,suitable for wi fi good product,6
1010,4,vary usefully i am so happy,6
1011,4,best quality seedsððð,3
1012,4,same as shown as picture,5
1013,4,vrey good toy,3
1014,4,i like it,3
1015,4,very nice very fast delivery,5
1016,4,good to use,3
1017,4,microfibre filled soft cushions of good quality,7
1018,4,very good product,3
1019,4,worth to money,3
1020,4,it is good but only for mild winter,8
1021,4,nice product great quality ð,5
1022,4,very good product,3
1023,4,very good product,3
1024,4,qulity is not bad but price is lil bit costly,10
1025,4,value for money ð,4
1026,4,its works perfect and very useful thank you flipkart,9
1027,4,very nice awesome workvalue for money,6
1028,4,the fit was awesome,4
1029,4,good nd original ink cartridges,5
1030,4,good but feel heavy after 5 mins use,8
1031,4,super quality this price,4
1032,4,nice door mat,3
1033,4,value for money,3
1034,4,at this price range phone is awesome loved it,9
1035,4,good cream for daily basis usage,6
1036,4,good product in this price range i like it,9
1037,4,just wow i loved it ââ,6
1038,4,good tab for study purpose,5
1039,4,its overall goodwriting review after 4 months,7
1040,4,nice ð product,3
1041,4,ok forvthe money,3
1042,4,at this price it really worth it,7
1043,4,product is good but installation is too late,8
1044,4,poco c31 blue464gb very nice product thank you flipkart,9
1045,4,worth for price,3
1046,4,really effective product for house even cars,7
1047,4,very good bedsheet,3
1048,4,it does the job good one go for it,9
1049,4,nice product ðð,3
1050,4,quality is too gud value for money,7
1051,4,very nice producti love it,5
1052,4,useful for home usenot for professional use,7
1053,4,thanks for delivery within time,5
1054,4,ok for the price,4
1055,4,good product ð,3
1056,4,looking good and stylish ð,5
1057,4,best in market,3
1058,4,product are awesome but delivery time is not good,9
1059,4,satisfied with the product,4
1060,4,worth the money,3
1061,4,i like it,3
1062,4,super good product,3
1063,4,worth of money,3
1064,4,its a great product but little expensive,7
1065,4,good product timely delivery by flipkart,6
1066,4,provide is good but delay delivery,6
1067,4,nice product value for money,5
1068,4,product is good but installation service provider was not good,10
1069,4,nice buy now,3
1070,4,pretty decent product,3
1071,4,can give it a try,5
1072,4,good productfast delivery,3
1073,4,working goodbut heating issue a problem for me,8
1074,4,awesome and also delivery man is so good,8
1075,4,nice quality best product thanku flipkart ð,7
1076,4,very nice productworking well,4
1077,4,the product is good but two stands are broken,9
1078,4,good for day to day usage,6
1079,4,asusual stuff all the sticks are the same android,9
1080,4,good mobile phonebasic useful mobilenot use gaming mobile,8
1081,4,its looking good ð,4
1082,4,not bad its so good,5
1083,4,satisfied with the product,4
1084,4,good but small,3
1085,4,display is very good for study purpose,7
1086,4,nice car worth fr money u can buy it,9
1087,4,not upto the mark,4
1088,4,quality good product,3
1089,4,good quality at this price,5
1090,4,camera is good ðððbut camera lens focus very weak,9
1091,4,gzb products fit body,4
1092,4,two products are super good and another one below average,10
1093,4,its ok i recommend for buying,6
1094,4,must buy really very ethnic and charming,7
1095,4,very softthese cushion are really very soft and big ð,10
1096,4,item is very nice product service is good,8
1097,4,quality is fine but bowl size is little small,9
1098,4,good prodect so nice,4
1099,4,very good quality and product,5
1100,4,technical could be better than him,6
1101,4,nice with this price,4
1102,4,cooling air awesome but little noise,6
1103,4,nice according mony,3
1104,4,original product thank you flipkart,5
1105,4,nice very good,3
1106,4,good productdelivered without any issues,5
1107,4,its nice and useful and affordable,6
1108,4,nyc product most by,4
1109,4,best mi tv i happy,5
1110,4,perfectly designed but could be more spacious,7
1111,4,very good product,3
1112,4,overall good deal but the delivery was too late,9
1113,4,good one for all the students,6
1114,4,very good product,3
1115,4,our family enjoy alot with this little smart speaker,9
1116,4,good âºïeasy to fixðð,4
1117,4,product quality not as expected,5
1118,4,very nice product,3
1119,4,nice product work smoothly,4
1120,4,nice lookgood products,3
1121,4,its small in size but its good,7
1122,4,nice but sound more than normal mixer grinder,8
1123,4,i m happy,3
1124,4,good for bachelors,3
1125,4,superb in this amount,4
1126,4,its nice and d price is good,7
1127,4,overall product was good,4
1128,4,nice product for gaming,4
1129,4,acording to price nice good product,6
1130,4,good and worthy,3
1131,4,its nice product in this amount,6
1132,4,good for this price,4
1133,4,good product but not bad,5
1134,4,quantity is very very lessmy morning glory ð,8
1135,4,good quality mobile phone,4
1136,4,very nice product in this price range with ontime delivery,10
1137,4,very nice product,3
1138,4,very nice ðð,3
1139,4,nice product vallu for money,5
1140,4,screen mirroring not getting,4
1141,4,superrrrrr ð ð,3
1142,4,product is good but it is of old stock,9
1143,4,its very comfortable for work,5
1144,4,excellent product with this price,5
1145,4,valu for money,3
1146,4,small in size good for smaller hall,7
1147,4,good product and lookng very nice,6
1148,4,best in market,3
1149,4,so agricive price,3
1150,4,okbut setup box not quality,5
1151,4,good product nice sound quality,5
1152,4,very good product,3
1153,4,good otg oven but missing convection fan and rotisserie function,10
1154,4,product was exalent good nice product,6
1155,4,nice product on time delivery,5
1156,4,product is good quality,4
1157,4,does the job,3
1158,4,awesome quality oil at price of 131smell is also grate,10
1159,4,nice product âºï,3
1160,4,quality is good value for money,6
1161,4,very nice product,3
1162,4,nice product value for money,5
1163,4,awesome productfast deliverytnk flipkart ð,5
1164,4,this product is ok,4
1165,4,very nice product,3
1166,4,very nice product thanks flipkart for quick delivery,8
1167,4,good product in small budget,5
1168,4,very good product,3
1169,4,nice one good absorbing power,5
1170,4,nice does heat the water in a short span,9
1171,4,satisfied with performance,3
1172,4,water heat very fast,4
1173,4,number one quality shuddh cotton,5
1174,4,good but more expensive,4
1175,4,good onewith easy connect,4
1176,4,very good this is product,5
1177,4,good so far,3
1178,4,thank you flipu,3
1179,4,milton is best,3
1180,4,good product but light passing through it,7
1181,4,its very useful,3
1182,4,nice product at this price,5
1183,4,awesome very nice product,4
1184,4,good its system is complicated,5
1185,4,good malton steel,3
1186,4,looking very nice shining awesome ð,6
1187,4,works fine with mi a3,5
1188,4,good quality product but installation is little bit difficult,9
1189,4,item is good but printing doubt,6
1190,4,medium fast charger,3
1191,4,solving the purpose,3
1192,4,good in budget,3
1193,4,it is fantastic cooleri liked itit cools room effectively,9
1194,4,nice i love it,4
1195,4,good and lucky plant i risevad helty plant,8
1196,4,very good product and very good delivery by flipkart,9
1197,4,its good but slicing is not proper,7
1198,4,thanku for very nice,4
1199,4,best experience this cycle very good cycle,7
1200,4,nice but bowl is very small,6
1201,4,awasomeim fall in lovevalue for money,6
1202,4,min budget in good phone,5
1203,4,nice product but it comes with micro usb,8
1204,4,nice product and till now no issue,7
1205,4,great product value for money,5
1206,4,worth the money,3
1207,4,good quality you can go for itð,7
1208,4,good product ð,3
1209,4,fabric quality is good,4
1210,4,nice product but bowls are too small,7
1211,4,best in the market value for money,7
1212,4,zigzag foot oil bottle and screw driver not given,9
1213,4,overall its good,3
1214,4,product is very good to value mony,7
1215,4,good product accha hai buy it,6
1216,4,very must watch i am very very happyð,8
1217,4,meets the requirements,3
1218,4,nice product and 100 cotton,5
1219,4,the product is good as expected,6
1220,4,looking goodcolors combination good but installation work is quite difficult,10
1221,4,excellent but high prise,4
1222,4,very good product at this price range,7
1223,4,very comfortable cushions,3
1224,4,just go for itâð,4
1225,4,ok product size is small,5
1226,4,very good but bass only low overall performance good ð,10
1227,4,very good product saves time useful for every family,9
1228,4,the outlayer its brokenbut its okay worth the moneygood product,10
1229,4,nice but give oneair fill objects,6
1230,4,good product and good quality,5
1231,4,this watch quality is excellent and nice look,8
1232,4,nice productlove it,3
1233,4,a better product,3
1234,4,cycle is good look wise also good,7
1235,4,all over good,3
1236,4,there is a lot of product buy it immediately ð,10
1237,4,in this price point a good choice,7
1238,4,thank you flipkart,3
1239,4,quality is bestor delevery is quick,6
1240,4,nice ð thanks,3
1241,4,little cute osm,3
1242,4,size is perfect,3
1243,4,hood in 14000 price,4
1244,4,good product bad packing,4
1245,4,this product very good,4
1246,4,very nice quality is good,5
1247,4,good chimneyserves purposereasonable price,4
1248,4,product is good,3
1249,4,very nice ð,3
1250,4,nice product good quality,4
1251,4,this is good go for it,6
1252,4,best priceearly deliverynice packinggood deliveryoverall good choicethank you flipkart,9
1253,4,recommendedbudget friendly too,3
1254,4,awesome built design and backup with 18w fast charging,9
1255,4,nice product but little expensive,5
1256,4,very good product,3
1257,4,very good product and comfortable and nice looking,8
1258,4,it is very good me and my family are satisfied,10
1259,4,best quality milton,3
1260,4,good product for what we pay value for money,9
1261,4,cup size little it small,5
1262,4,nocei like it,3
1263,4,good quality fabric and great fitting value for money,9
1264,4,very good product,3
1265,4,perfectly working with 150mah luminous batterynice look trusted brand,9
1266,4,good for 22 family,4
1267,4,medium qualitywaight perfectawesome curvhandle quality low,6
1268,4,too much space,3
1269,4,no complaint super product,4
1270,4,very good ðð,3
1271,4,nice good qualitysame productthnq filpkartexactly the same,7
1272,4,excellent product for me,4
1273,4,thanks for flipkart ðððð³ð,4
1274,4,i like itvery good product and quick delivery,8
1275,4,worth for money excellent product,5
1276,4,good product thanks flipkart,4
1277,4,nice till now,3
1278,4,good in this range,4
1279,4,best for in this price,5
1280,4,its awesome ð,3
1281,4,super product i am very happy worth of money,9
1282,4,value for money deal and quick delivery,7
1283,4,nice product thank you flipkart,5
1284,4,fine and good service,4
1285,4,wow thanku flipkart,3
1286,4,super very nice thanks flipkart,5
1287,4,good at this price range,5
1288,4,itâs a gud purchase go for it,7
1289,4,awesome product must buy,4
1290,4,very good but hdmi cable missing,6
1291,4,supper sir thank u,4
1292,4,very nice good i am liked,6
1293,4,value for money product,4
1294,4,thank u flipcart,3
1295,4,product is good but price is high,7
1296,4,good and handy product,4
1297,4,good qualityas good as the original supplied with equipment,9
1298,4,nice i love it,4
1299,4,i love this product,4
1300,4,overall good but little bit noisy,6
1301,4,nice product best,3
1302,4,good youj beatar lac,4
1303,4,after 4 month it is good,6
1304,4,excellent productnice qualitythankyou flipkartð,4
1305,4,quality is good i m happy ð,7
1306,4,nice m happy,3
1307,4,good looking and quality,4
1308,4,osm cargo i love it,5
1309,4,nyc productð definitely everyone should go for it ððð,9
1310,4,small in size but high sound quality,7
1311,4,nice product use full for car,6
1312,4,looking so nise,3
1313,4,very good product buy it,5
1314,4,very bad experience,3
1315,4,good product quality is better then expected,7
1316,4,very nice product,3
1317,4,improve your clothes quality and shilai of weast ilastik,9
1318,4,pretty good for domestic purpose,5
1319,4,best quality nice product,4
1320,4,good cloth h,3
1321,4,good work ing,3
1322,4,good product but very expensive,5
1323,4,good quality products,3
1324,4,satisfied with this product,4
1325,4,this is good i liked it thanks flipkart,8
1326,4,very good working,3
1327,4,nice product n also pocket friendly ððð,7
1328,4,value for money,3
1329,4,good but price is higher,5
1330,4,good as per price,4
1331,4,very good product satisfactory cooling,5
1332,4,good phone at this price range,6
1333,4,nice smell non great and easy to absorbe in skin,10
1334,4,nice and good sound,4
1335,4,value for money amazing product highly recommend go for it,10
1336,4,very silent and powerful refrigerator from samsung,7
1337,4,good product for regular useð,5
1338,4,good but one bowl is broken,6
1339,4,packaging quality was not that good product quality is good,10
1340,4,product is ossom,3
1341,4,hmm nice product,3
1342,4,its very good,3
1343,4,good quality product,3
1344,4,we liked it quality is fair colour is nice,9
1345,4,best camera for starters,4
1346,4,super extent fast charger,4
1347,4,good quality product,3
1348,4,its very useful for office or school time,8
1349,4,very nice product,3
1350,4,quality is very good but full plate is very small,10
1351,4,this is helpful product,4
1352,4,very nice product,3
1353,4,best product for time pass,5
1354,4,such a good product in these prize ð,8
1355,4,good product ðð,3
1356,4,i like it very nice product,6
1357,4,prodect is nice,3
1358,4,fantastic wall clock really love itð,6
1359,4,im happy with this product its working well,8
1360,4,good morning please find attached the invoice to you no,10
1361,4,working performance good,3
1362,4,good not bad,3
1363,4,very nice best grinder,4
1364,4,perfomance was 5 more of gtx 1650ti,7
1365,4,very good charger,3
1366,4,very nice shoes,3
1367,4,best geyser in this price range,6
1368,4,good but battery performance is bad,6
1369,4,nice its worth for money good one,7
1370,4,good oven nice auto cook menu fast and reliable,9
1371,4,good in that price range,5
1372,4,value for money,3
1373,4,this product is very goodbutthis product is very havy,9
1374,4,product is goodbut miss the pusher in the packings,9
1375,4,performance is good with excellent battery life,7
1376,4,a good product value for money,6
1377,4,good product ð sale done,5
1378,4,good nice product,3
1379,4,it was good deal and product is also awesome,9
1380,4,nice dinner set,3
1381,4,colour good âºï,3
1382,4,quantity okay bt lite thicknesses,5
1383,4,best tab for students,4
1384,4,nice productusing for 10 days,5
1385,4,good quality of seeds,4
1386,4,really good in this price,5
1387,4,overall nice product,3
1388,4,overall good product,3
1389,4,nice product good one,4
1390,4,good product but use small cable at a charging time,10
1391,4,good sound qualitybut bass is lil bit low,8
1392,4,ok good charger,3
1393,4,so right now,3
1394,4,worth of money,3
1395,4,happy with the product,4
1396,4,good product ð,3
1397,4,its good product,3
1398,4,time being ok nw,4
1399,4,very nice thanks,3
1400,4,price ke according good quality h,6
1401,4,i am very satisfied with the productthank you flipkart,9
1402,4,useful item worth the money,5
1403,4,it is very good product ð,6
1404,4,nice product so i am very happy,7
1405,4,best among this price,4
1406,4,quality is good,3
1407,4,very light seeing good,4
1408,4,good quality as we expected alhamdulillah,6
1409,4,gd productprice is reasonable,4
1410,4,its quite good in this price range,7
1411,4,value for money,3
1412,4,it good quick heating of water in few minutes,9
1413,4,superb thanks for flipart,4
1414,4,iâm happy in this product,5
1415,4,very good product battery backup is insane go for it,10
1416,4,does the job,3
1417,4,very nice product,3
1418,4,liked the laptop very nice look and performance,8
1419,4,nice 100 ok,3
1420,4,very nice product,3
1421,4,nice product delivered in 2 days,6
1422,4,osm football â½,3
1423,4,1 star deduct because of no one come for domo,10
1424,4,the products are really good ð,6
1425,4,good decent product,3
1426,4,good ð in flipkart,4
1427,4,excellent quality product âï,4
1428,4,im still using,3
1429,4,nice product very comfortable valuable money valuable product,8
1430,4,good product value for money,5
1431,4,very good product,3
1432,4,i havent used it yet but look wise its good,10
1433,4,nice product ðð,3
1434,4,no complaint just trust it and go for it,9
1435,4,affordable âºïi like it,4
1436,4,stylish good price but verry small,6
1437,4,good product worth buying it,5
1438,4,awesome camera in prices range,5
1439,4,need demo for usage and overall fine with product,9
1440,4,colour best he,3
1441,4,very good ðð,3
1442,4,very nice ð product,4
1443,4,worth the money quality also,5
1444,4,same as a pic but small size,7
1445,4,best product and it works very well,7
1446,4,good product value for moneygot it at 464,8
1447,4,product is good but no demo provided by the manufacturer,10
1448,4,good value for money,4
1449,4,nice but quality little upset,5
1450,4,good according to money,4
1451,4,nice ball for play,4
1452,4,picture quality better gaming hang,5
1453,4,good for basic usage,4
1454,4,amazing product must buy,4
1455,4,nice my child was very happy,6
1456,4,nice product i like this product,6
1457,4,superb product nicely work and smooth finishing noise less,9
1458,4,the product is good but packaging is very bad,9
1459,4,i purchased for drawings and editing,6
1460,4,good product ðð,3
1461,4,very nice ð,3
1462,4,aa cost product is good,5
1463,4,nice product thanks ð,4
1464,4,very good product,3
1465,4,quality is good,3
1466,4,really nice curtainssuperb quality tqflipkart,5
1467,4,good working product but not given extra dust bags,9
1468,4,this product was so good i luv it ððð,9
1469,4,it faded in washsize design are good,7
1470,4,everything was good,3
1471,4,nice product easy to use very comfortable,7
1472,4,nyc very comfortable and adjust good i like,8
1473,4,nice watch good look,4
1474,4,good quality product,3
1475,4,reasonable pricegood productthank you flipcart,5
1476,4,nice oven but not gaining temperature properly,7
1477,4,good product well packed,4
1478,4,good product reasonable price tq flip kart,7
1479,4,value for money,3
1480,4,nice product ðð,3
1481,4,awesome lovelyvery much fast heating,5
1482,4,sound 55bass45build quality 55,4
1483,4,great productgo for it guys,5
1484,4,sound quuality is perfect,4
1485,4,its really wonderful,3
1486,4,nice working good,3
1487,4,good budget buy,3
1488,4,it is good product 1 or 2 persons,8
1489,4,price highquality is good,4
1490,4,wonderful design with excellent performance,5
1491,4,watch is very awesome look is very smart,8
1492,4,good product very good installation,5
1493,4,good product ðð,3
1494,4,cooling is not upto par could have been better,9
1495,4,colour is dim but overall good,6
1496,4,its good useful product thank you flipkart,7
1497,4,good and nice,3
1498,4,small money can by hepiness,5
1499,4,product worth the price,4
1500,4,dinner set value for money,5
1501,4,watch was look so classy,5
1502,4,really very nice product this price range,7
1503,4,good nd value for money,5
1504,4,good product at this prize,5
1505,4,best products thank you flipkart,5
1506,4,very nice productvery good condition,5
1507,4,best budget phone,3
1508,4,worth money nice products thanks flipkart,6
1509,4,nice product beautiful dish super,5
1510,4,its a good product in such amount,7
1511,4,nice average quality,3
1512,4,very good lifting support,4
1513,4,nice watch loved it,4
1514,4,good and style,3
1515,4,so very nice rice cooking,5
1516,4,good product but size is very bigðð,7
1517,4,nice fan i am happy,5
1518,4,its good and easy to use,6
1519,4,good nice product,3
1520,4,nice product but demo ans installation didnt happen,8
1521,4,nice quite satisfied,3
1522,4,good quality plant,3
1523,4,1 nojust go gor it,5
1524,4,very nice must buy it,5
1525,4,beautiful must buy,3
1526,4,nice performance good product,4
1527,4,same as picture good product,5
1528,4,very good product,3
1529,4,its tooo good,3
1530,4,awesome product nice and friendly thanks flipkart,7
1531,4,very good product and value for money,7
1532,4,its a too good product,5
1533,4,worth buyingvery nice product,4
1534,4,its looks nice but normal or average quality,8
1535,4,value for moneyfabullousððð,3
1536,4,nice 10 year warranty,4
1537,4,item is very nice,4
1538,4,good picture quality nice work,5
1539,4,was expecting little bigger sizebut satisfied,6
1540,4,great product good for keeping my books and stuffs,9
1541,4,cleen look and best performance,5
1542,4,its working goodsatisfied with midea dishwasher,6
1543,4,love this product ð,4
1544,4,best product in this price range,6
1545,4,table is good,3
1546,4,it is good but not very strong ðªð,8
1547,4,like not too much heavy design also good,8
1548,4,its best for students,4
1549,4,very good according to price,5
1550,4,nice football at this cost,5
1551,4,performance is very gooddisplay quality excellent,6
1552,4,every thing is good,4
1553,4,very good packagingnice product,4
1554,4,cheap and best product must be handled with care,9
1555,4,this was very fantastic mixer it performs very good,9
1556,4,looks good but too small,5
1557,4,normally use in better,4
1558,4,best in this price,4
1559,4,varry good product,3
1560,4,good dishwasher better washing than my maid,7
1561,4,product is good,3
1562,4,value for money but prints would have been more,9
1563,4,very good product for daily use,6
1564,4,nice product bass is too good,6
1565,4,good for 4 months,4
1566,4,size is slightly smaller otherwise its awesome,7
1567,4,same as shown,3
1568,4,good for books,3
1569,4,super product very use full and low weight only,9
1570,4,product is good ð,4
1571,4,nice thnk you filp cart,5
1572,4,colour and design is very nice i like it thanks,10
1573,4,good for small family of 23 members,7
1574,4,nice product timely delivered,4
1575,4,thanks for replacement âïgood ð,5
1576,4,i am very happy to this product,7
1577,4,this is awesome products,4
1578,4,very good quality,3
1579,4,it is good,3
1580,4,brand is always a brand suggested many,7
1581,4,superb and value for money thanks flipkartlove it,8
1582,4,dinner plates r small bt its good,7
1583,4,good at this price,4
1584,4,good awesome product in this price than other companies products,10
1585,4,very good product ðâºï,4
1586,4,not bad good ones,4
1587,4,nice one suits me,4
1588,4,sond is good but no bass up to mark,9
1589,4,very nice product ðð,4
1590,4,working fine ð,3
1591,4,nice watch â,3
1592,4,mixi is so good but little bit of heating,9
1593,4,its really good quality i really liked it,8
1594,4,good in budget,3
1595,4,very nice value for money,5
1596,4,battery is a bit less other than that its awesome,10
1597,4,value for money,3
1598,4,good one for the price can try,7
1599,4,working as expected,3
1600,4,very soft cream all skin type lovely cream,8
1601,5,best i am happy,4
1602,5,nice but ram 350 gb,5
1603,5,it was a good experience ðð,6
1604,5,just go for it,4
1605,5,its working too fast,4
1606,5,flipkart service great as usual,5
1607,5,good for a gift item,5
1608,5,value for moneynice product,4
1609,5,value of money,3
1610,5,good but small in size,5
1611,5,worth it value for money not disappointed,7
1612,5,super i like it,4
1613,5,very good product delivered,4
1614,5,best is the tea,4
1615,5,very good cycle,3
1616,5,just awesome thanks flipcart,4
1617,5,bahot i badiya seeds value for money,7
1618,5,best quality values of money,5
1619,5,very good product 750 wat power,6
1620,5,must buy without any doubt,5
1621,5,delivery boy very good,4
1622,5,good to wear,3
1623,5,good productâworth it,3
1624,5,such a nice table tq flipkart,6
1625,5,very nice product,3
1626,5,its good product thank you flip kart,7
1627,5,it is very good product,5
1628,5,superb product at low price and working is awesome,9
1629,5,washing is good except for some hard strains,8
1630,5,very nice product ðð,4
1631,5,it was awesome product for this priceâï,7
1632,5,very nice watch good luck,5
1633,5,very good product,3
1634,5,gud experience with filpkart,4
1635,5,nice everything is good satisfied with the product,8
1636,5,itâs very super nice,4
1637,5,very nice curtains we love it,6
1638,5,quality is nice worth buying it,6
1639,5,wow really super product motor sound very slow smooth,9
1640,5,very very comfortable,3
1641,5,very good productvalue for money,5
1642,5,i loved it just classic look awesome great,8
1643,5,very very good,3
1644,5,super powerful grinder from prestige,5
1645,5,it was nice product,4
1646,5,best product with best price range,6
1647,5,pretty great alot better than alexa,6
1648,5,product nice ð,3
1649,5,i liked this product,4
1650,5,its goodworth it,3
1651,5,camera quality asm,3
1652,5,very best sound quality,4
1653,5,nice productgood one to have,5
1654,5,good satisfied with the product,5
1655,5,its too goog for small family,6
1656,5,nice product flipkart dilivery to good,6
1657,5,good product and speed charge and fast delivery,8
1658,5,excellent quality really amazing picture quality,6
1659,5,low budget nice performance,4
1660,5,very nice strong,3
1661,5,1 number best,3
1662,5,very good product,3
1663,5,indeed very good it is worth,6
1664,5,its very comfortable,3
1665,5,nothing to say its best,5
1666,5,minimum price maximum performance,4
1667,5,best saund collety,3
1668,5,super super super ðð,4
1669,5,nice cooler with proper cooling movable too,7
1670,5,good produced ð,3
1671,5,very good product picture quality better,6
1672,5,nyc product and goodð quality,5
1673,5,good style super,3
1674,5,very good product ðð,4
1675,5,100 good quality,3
1676,5,hmmvalue for money,3
1677,5,very good product,3
1678,5,very nice and useful,4
1679,5,very nice product ððð,4
1680,5,best value for money,4
1681,5,the product is good,4
1682,5,nice hair oil,3
1683,5,owsome and great fitting,4
1684,5,excellent product ðð,3
1685,5,better quality for less amount,5
1686,5,very good product,3
1687,5,all handset best controller,4
1688,5,awesome product thank you flipkart amazing service,7
1689,5,osm dinner set,3
1690,5,so pretty andgood quality,4
1691,5,this color is my favorite thanks flipkart,7
1692,5,nice product to use,4
1693,5,best product ð,3
1694,5,very good productð,3
1695,5,better but cost high,4
1696,5,so nice product value of money,6
1697,5,good quality nice overall,4
1698,5,i love it its really work,6
1699,5,wow amazing product very nice product i like this product,10
1700,5,very good product,3
1701,5,very nice producti am happy,5
1702,5,excellent product by flipkart,4
1703,5,nice product picture quality is good,6
1704,5,flexible almost invisible when off warm feel loved it,9
1705,5,very good and nice product,5
1706,5,exilent supar dupar ok,4
1707,5,product is excellent,3
1708,5,great deal thanks flipkart,4
1709,5,excellent product and excellent installation,5
1710,5,perfect ones must buy,4
1711,5,very nice go for it,5
1712,5,very good productð worth of money,6
1713,5,excellent value for money,4
1714,5,good camera for bigener,4
1715,5,cheap nd bestâï,3
1716,5,spacious and can bear heavy and bulky books,8
1717,5,amazing product the range the build everything is just perfect,10
1718,5,very cutenice quality,3
1719,5,nice product thanks flipkart,4
1720,5,very good product,3
1721,5,amazing looksgreat product,3
1722,5,very good product ð,4
1723,5,i love this,3
1724,5,awesome mahadev ðhar har mahadev ðð¼ð,6
1725,5,very good productgo for it,5
1726,5,good febric as i expected,5
1727,5,good for below rs500,4
1728,5,very useful product loved it,5
1729,5,very very very nicethankyou flipkart,5
1730,5,very nice ðððððððð,3
1731,5,very good product,3
1732,5,good product very happy,4
1733,5,product is good ð,4
1734,5,go for it,3
1735,5,awesome product affordable price,4
1736,5,very nice product,3
1737,5,very good product,3
1738,5,awesome product must buy it thanks flipkart,7
1739,5,value for money good you may go it,8
1740,5,very good product,3
1741,5,nice beautiful product,3
1742,5,received in a good condition and fresh stems,8
1743,5,good very nice acha hai,5
1744,5,superb cool hot nore than 24hrs,6
1745,5,it is amazing in this price,6
1746,5,great product with great delivery thank you flipkart,8
1747,5,nice product good fitting,4
1748,5,nyc and reasonable price,4
1749,5,nice sound this is best product,6
1750,5,daily use excellent product,4
1751,5,best seed in lowest price awesome product,7
1752,5,super very nice tv,4
1753,5,i love this product this is great,7
1754,5,super good product ðððððððððð,4
1755,5,very good qualityi love it,5
1756,5,the product is very good,5
1757,5,mini wallet ð,3
1758,5,mast product and very useful,5
1759,5,good seed germination ði m so happyð,7
1760,5,very very very very nice product,6
1761,5,quality of product good,4
1762,5,nice product thank you flipkart,5
1763,5,good football but loses air in little amount of time,10
1764,5,attractive products super quality matterial is also good,8
1765,5,very comfortable and nice clogs looks goodim happyð,8
1766,5,verry good product,3
1767,5,its very useful in my housetq flipkart,7
1768,5,very good product,3
1769,5,100 original charger charging speed is awsm,7
1770,5,perfect grinder and supbb quality price range is also excellent,10
1771,5,go for it very good quality product by brand milton,10
1772,5,very nice product for only study parpas,7
1773,5,very nice and useful,4
1774,5,very good product,3
1775,5,very good my daughter is very happy,7
1776,5,value for money,3
1777,5,good but somthing dought,4
1778,5,very well packedafter one week seeds started growing,8
1779,5,worth buying awesome product,4
1780,5,very nice product,3
1781,5,the thing is very good i am very happy,9
1782,5,very nice product worth for money,6
1783,5,amazing oil with alovera extracts perfect for frizzy hair,9
1784,5,its working good,3
1785,5,nice quality of plants,4
1786,5,ok for the price tag,5
1787,5,i loved it,3
1788,5,very good product,3
1789,5,nice qualityloved it,3
1790,5,good product good,3
1791,5,amazing the tube light was not included but ok done,10
1792,5,over all nice,3
1793,5,comfortable to wear very nice,5
1794,5,good quality sturdy product,4
1795,5,awesome productnice packing,3
1796,5,v nice serum,3
1797,5,goodall key working,3
1798,5,i am satisfied,3
1799,5,very good product ð,4
1800,5,good productthanu so much,4
1801,5,very nice and delivered very quickly,6
1802,5,really nice in quality,4
1803,5,thats great wonderful amezing,4
1804,5,best product for kitchen,4
1805,5,very free 2 use go for it,7
1806,5,nice basss ðððððð,3
1807,5,good bi cycle,3
1808,5,extremely good product,3
1809,5,very helpful for indian kitchen company services is also good,10
1810,5,very very beautiful productliked it very much,7
1811,5,its too good product,4
1812,5,nice product 2 month use,5
1813,5,it is very useful and working in good condition,9
1814,5,great product loved it,4
1815,5,nice and strong quality product as using,7
1816,5,very good qualityhappy with purchase,5
1817,5,very good product,3
1818,5,great and good product and original i am happy,9
1819,5,great yr easy to use,5
1820,5,great product at this price,5
1821,5,awesome wallet wonderful,3
1822,5,all of them best,4
1823,5,good product and value for money,6
1824,5,very good thank you flipkart,5
1825,5,good product at affordable price,5
1826,5,very good product,3
1827,5,very good quality patches thanks filpcart,6
1828,5,gud must buy,3
1829,5,its quite good using first time have enough speed too,10
1830,5,so nicely workingi am using it since 4 month,9
1831,5,good quality product,3
1832,5,very nice product by google,5
1833,5,battery low problem,3
1834,5,really amazing experiencei like it,5
1835,5,really nice and amazing loved it,6
1836,5,little bit of small size otherwise very good,8
1837,5,very nice mixer grindervalue for money,6
1838,5,really nice product thank you flipkart thank ððððððððððððð,8
1839,5,very nice thank you so much flipkart,7
1840,5,thanks flipkart ðð,3
1841,5,in this rate it was osm go for it,9
1842,5,product is butter smooth,4
1843,5,good quality product ððð,4
1844,5,nice product i strongly recommend this product,7
1845,5,marq amazing washing ultimate product in low cost,8
1846,5,nice product worth full,4
1847,5,best material best fetting,4
1848,5,nice product awesome ð,4
1849,5,best product ð,3
1850,5,good and very nice,4
1851,5,good quality product,3
1852,5,go for it,3
1853,5,very nice and beautiful product,5
1854,5,value for money abundant wind from wings,7
1855,5,nice product ð very much happy ð thank u flipcard,10
1856,5,this is good product,4
1857,5,this product is very good,5
1858,5,nice value for money,4
1859,5,very nice product,3
1860,5,good product very useful,4
1861,5,this product is amazing at this price range,8
1862,5,for a price of 240its damn good ð,8
1863,5,i like it âï,4
1864,5,best product âïâïâïâï,3
1865,5,very easy to assemble and good for books storage,9
1866,5,sure if you want buying it,6
1867,5,love it ððð,3
1868,5,good product ð,3
1869,5,nice product really impressed highly recommended,6
1870,5,value of money,3
1871,5,nice product ð,3
1872,5,nice colour and good quality for cycling,7
1873,5,camera quality is good,4
1874,5,very good product,3
1875,5,good product nice,3
1876,5,my favourite ðð productreceived before time,6
1877,5,just wow a1 quality and must for whoever seeing this,10
1878,5,i does its job well,5
1879,5,value for money,3
1880,5,nice product vera level ð,5
1881,5,exelent product thank u flip kart,6
1882,5,superb productthanks flipkart for such reasonable deals,7
1883,5,nice but small size,4
1884,5,working good for now,4
1885,5,awesome product great price,4
1886,5,very good product,3
1887,5,mind blowing purchase must buy,5
1888,5,good quality products flipkart excellent services thanks more regards,9
1889,5,vego good company i am happy,6
1890,5,good product original,3
1891,5,good product in this price,5
1892,5,really its good ð product,5
1893,5,this amar akhbar antoni are absolutely heathy,7
1894,5,good demo and good service,5
1895,5,excellent washing machine ð,4
1896,5,good product if u like the size,7
1897,5,amazing i love itð,4
1898,5,i am happy ððð,4
1899,5,very good quality plastic chair,5
1900,5,very nice product,3
1901,5,good product thanks flipkart,4
1902,5,excellent quality easy to install thumsup,6
1903,5,very wonderful good product and stylish look,7
1904,5,love this machine,3
1905,5,its good product ðð,4
1906,5,very nice product,3
1907,5,good for medium area,4
1908,5,the smart ð buy,4
1909,5,quality is good worth a buy,6
1910,5,i bought it less than 18999,6
1911,5,a nice product and looks feels premium value for money,10
1912,5,my baby love tis one,5
1913,5,easy to use very good product,6
1914,5,nice product quantity and value,5
1915,5,very good product,3
1916,5,very nice product as expected the product was came,9
1917,5,my mom very happy nice product thank u flipkart ððð,10
1918,5,awsome purchase 15300,3
1919,5,best at this price segment,5
1920,5,good product ðalso delivery goodðthank you flipkart â,8
1921,5,very good setup box very easy installation,7
1922,5,waao good product,3
1923,5,same as expected,3
1924,5,good productprice is very low for compare than other companies,10
1925,5,nice product flipkart flipkart,4
1926,5,very good simple product,4
1927,5,really very beautiful light,4
1928,5,nice quality ððð,3
1929,5,just apt for my needaccessories given are a supportive gesture,10
1930,5,very nice ð good,4
1931,5,excellent product by cannon,4
1932,5,good but the battery is missing,6
1933,5,awesome productðððthnku flipkartðð,3
1934,5,ai am satisfiyed with foot ball must buy,8
1935,5,hight speed date transferring hdd,5
1936,5,it is very beautiful,4
1937,5,berry good product for collage student,6
1938,5,awesome product quality was impressive,5
1939,5,good productthanx to flipkart,4
1940,5,very good quality,3
1941,5,very good product must buy,5
1942,5,this is a very nice product and,7
1943,5,good value for money ð,5
1944,5,very nice product,3
1945,5,mind blowing adaptor superb flipkart,5
1946,5,product is very nice i am very happy with flipkart,10
1947,5,nice product ð,3
1948,5,good sound quality full paisa wasool,6
1949,5,looks superbgood perfomancehappy with the product,6
1950,5,high quality product,3
1951,5,overall nice product,3
1952,5,value for the money suprb,5
1953,5,just a fabulous product lovely,5
1954,5,nice quality 30hrhit the water,5
1955,5,delivered without defect and arrived on timebest value for money,10
1956,5,very good quality product,4
1957,5,quality is good,3
1958,5,best of best also so comfortable,6
1959,5,best for beginners kudos to flipkart for early delivery,9
1960,5,value for money,3
1961,5,product is very good,4
1962,5,excellent product blindly go for it,6
1963,5,very goodthis watch is so comfortable,6
1964,5,awesome product really worth your money,6
1965,5,very good product,3
1966,5,nyprodect weight gain,3
1967,5,i am happy,3
1968,5,nice very good,3
1969,5,very nice product,3
1970,5,thank u awosome led light and amazing speed,8
1971,5,quality product by samsungdelivery very firstbehavior good help fullthnx philipkart,10
1972,5,really good for this price,5
1973,5,very nice product,3
1974,5,nice curtains but quality is normal,6
1975,5,amazing product of pigeon highly recomended,6
1976,5,value for money water temperature remains the same,8
1977,5,very powerful product very nice,5
1978,5,full laisa vasool decent in size and good quality picture,10
1979,5,very good product,3
1980,5,just go for it,4
1981,5,superbb quality i am soooo happy thank u flipcart,9
1982,5,great deal at this price range,6
1983,5,nice delivery and item,4
1984,5,great product very nice,4
1985,5,best quality angle,3
1986,5,very nice product,3
1987,5,very nice product value of money love iteasy to useð,10
1988,5,beautiful delivery boy is very polite in behaviour,8
1989,5,heavy and good for books and anythingððð³ð³ð³,7
1990,5,good product very fast installation worth for money,8
1991,5,very good material for dinner set,6
1992,5,very nice ð,3
1993,5,nice product ð really ð,5
1994,5,nicequality is goodyou can buy for giftcomes with a box,10
1995,5,nice very long sized,4
1996,5,it is so so so nice,6
1997,5,very good product ðð,4
1998,5,delivery boy is good person,5
1999,5,super bassbut sound low love it âð,7
2000,5,very nice watch,3
